name,location,ownership,state,kind
Akanu Ibiam Federal Polytechnic,"Unwana, Ebonyi",Federal,Ebonyi,Polytechnic
Auchi Polytechnic,"Auchi, Edo",Federal,Edo,Polytechnic
Federal Polytechnic Ekowe,"Ekowe, Bayelsa",Federal,Bayelsa,Polytechnic
Federal Polytechnic Idah,"Idah, Kogi",Federal,Kogi,Polytechnic
Federal Polytechnic Ile-Oluji,"Ile Oluji, Ondo",Federal,Ondo,Polytechnic
Federal Polytechnic Kabo,"Kabo, Kano",Federal,Kano,Polytechnic
Federal Polytechnic Kaltungo,"Kaltungo, Gombe",Federal,Gombe,Polytechnic
Federal Polytechnic Kaura-Namoda,"Kaura Namoda, Zamfara",Federal,Zamfara,Polytechnic
Federal Polytechnic Ngodo Isuochi,"Isuochi, Abia",Federal,Abia,Polytechnic
Federal Polytechnic of Oil and Gas Bonny,"Bonny, Rivers",Federal,Rivers,Polytechnic
Federal Polytechnic Oko,"Oko, Anambra",Federal,Anambra,Polytechnic
"Federal Polytechnic, Ado-Ekiti","Ado Ekiti, Ekiti",Federal,Ekiti,Polytechnic
Federal Polytechnic Ayede,"Ayede, Oyo",Federal,Oyo,Polytechnic
Federal Polytechnic Bali,"Bali, Taraba",Federal,Taraba,Polytechnic
"Federal Polytechnic, Bauchi","Bauchi, Bauchi",Federal,Bauchi,Polytechnic
"Federal Polytechnic, Bida","Bida, Niger",Federal,Niger,Polytechnic
Federal Polytechnic Damaturu,"Damaturu, Yobe",Federal,Yobe,Polytechnic
Federal Polytechnic Daura,"Daura, Katsina",Federal,Katsina,Polytechnic
Federal Polytechnic Ede,"Ede, Osun",Federal,Osun,Polytechnic
Federal Polytechnic Monguno,"Monguno, Borno",Federal,Borno,Polytechnic
"Federal Polytechnic, Mubi","Mubi, Adamawa",Federal,Adamawa,Polytechnic
Federal Polytechnic Nasarawa,"Nasarawa, Nasarawa",Federal,Nasarawa,Polytechnic
"Federal Polytechnic, Nekede","Nekede, Imo",Federal,Imo,Polytechnic
Federal Polytechnic Nyak Shendam,"Shendam, Plateau",Federal,Plateau,Polytechnic
"Federal Polytechnic, Offa","Offa, Kwara",Federal,Kwara,Polytechnic
Federal Polytechnic Ohodo,"Ohodo, Enugu",Federal,Enugu,Polytechnic
Federal Polytechnic Orogun,"Orogun, Delta",Federal,Delta,Polytechnic
Federal Polytechnic Ugep,"Ugep, Cross River",Federal,Cross River,Polytechnic
Federal Polytechnic Ukana,"Ukana, Akwa Ibom",Federal,Akwa Ibom,Polytechnic
Federal Polytechnic Wannune,"Wannune, Benue",Federal,Benue,Polytechnic
Hussaini Adamu Federal Polytechnic,"Kazaure, Jigawa",Federal,Jigawa,Polytechnic
Kaduna Polytechnic,"Kaduna, Kaduna",Federal,Kaduna,Polytechnic
Maritime Academy of Nigeria,"Oron, Akwa Ibom",Federal,Akwa Ibom,Polytechnic
National Institute of Construction Technology and Management,"Uromi, Edo",Federal,Edo,Polytechnic
Nigerian Army College of Environmental Science and Technology,"Makurdi, Benue",Federal,Benue,Polytechnic
Nigerian College of Aviation Technology,"Zaria, Kaduna",Federal,Kaduna,Polytechnic
Petroleum Training Institute,"Effurun, Delta",Federal,Delta,Polytechnic
Waziri Umaru Federal Polytechnic,"Birnin Kebbi, Kebbi",Federal,Kebbi,Polytechnic
Yaba College of Technology,"Yaba, Lagos",Federal,Lagos,Polytechnic
Abdu Gusau Polytechnic,"Talata Mafara, Zamfara",State,Zamfara,Polytechnic
"Ogbonnaya Onu Polytechnic, Aba","Aba, Abia",State,Abia,Polytechnic
Abraham Adesanya Polytechnic,"Ijebu-Igbo, Ogun",State,Ogun,Polytechnic
Abubakar Tatari Polytechnic,"Bauchi, Bauchi",State,Bauchi,Polytechnic
Adamawa State Polytechnic,"Yola, Adamawa",State,Adamawa,Polytechnic
Adeseun Ogundoyin Polytechnic,"Eruwa, Oyo",State,Oyo,Polytechnic
Akawe Torkula Polytechnic,"Makurdi, Benue",State,Benue,Polytechnic
Akwa Ibom State College of Arts and Science,"Ikono, Akwa Ibom",State,Akwa Ibom,Polytechnic
Akwa Ibom State Polytechnic,"Ikot Ekpene, Akwa Ibom",State,Akwa Ibom,Polytechnic
Anambra State Polytechnic,"Mgbakwu, Anambra",State,Anambra,Polytechnic
Bayelsa State Polytechnic,"Ekeremor, Bayelsa",State,Bayelsa,Polytechnic
Benue State Polytechnic,"Ugbokolo, Benue",State,Benue,Polytechnic
Binyamu Usman Polytechnic,"Hadejia, Jigawa",State,Jigawa,Polytechnic
"College of Administration, Management and Technology, Potiskum","Potiskum, Yobe",State,Yobe,Polytechnic
"College of Agriculture, Science and Technology, Gujba","Gujba, Yobe",State,Yobe,Polytechnic
"College of Agriculture, Science and Technology, Lafia","Lafia, Nasarawa",State,Nasarawa,Polytechnic
Cross River Institute of Technology and Management,"Ugep, Cross River",State,Cross River,Polytechnic
"D.S Agbenro ICT Polytechnic, Itori-Ewekoro","Itori, Ogun",State,Ogun,Polytechnic
Delta State Maritime Polytechnic,"Burutu, Delta",State,Delta,Polytechnic
"Delta State Polytechnic, Ogwashi-Uku","Ogwashi-Uku, Delta",State,Delta,Polytechnic
"Delta State Polytechnic, Otefe-Oghara","Otefe, Delta",State,Delta,Polytechnic
"Edo State Polytechnic, Usen","Usen, Edo",State,Edo,Polytechnic
Ekiti State College of Agriculture and Technology,"Ado-Ekiti, Ekiti",State,Ekiti,Polytechnic
"Gateway Polytechnic, Saapade","Saapade, Ogun",State,Ogun,Polytechnic
Gombe State Polytechnic,"Bajoga, Gombe",State,Gombe,Polytechnic
Hassan Usman Katsina Polytechnic,"Katsina, Katsina",State,Katsina,Polytechnic
Imo State Polytechnic,"Omuma, Imo",State,Imo,Polytechnic
"Institute of Management and Technology, Enugu","Enugu, Enugu",State,Enugu,Polytechnic
"Isa Mustapha Agwai Polytechnic, Lafia","Lafia, Nasarawa",State,Nasarawa,Polytechnic
Jigawa State Polytechnic,"Dutse, Jigawa",State,Jigawa,Polytechnic
Kano State Polytechnic,"Kano, Kano",State,Kano,Polytechnic
Katsina Institute of Technology and Management,"Katsina, Katsina",State,Katsina,Polytechnic
Kebbi State Polytechnic,"Dakingari, Kebbi",State,Kebbi,Polytechnic
"Kenule Beeson Saro-Wiwa Polytechnic, Bori","Bori, Rivers",State,Rivers,Polytechnic
Kogi State Polytechnic,"Lokoja, Kogi",State,Kogi,Polytechnic
Kwara State Polytechnic,"Ilorin, Kwara",State,Kwara,Polytechnic
"Mai-Idris Alooma Polytechnic, Geidam","Geidam, Yobe",State,Yobe,Polytechnic
Niger State Polytechnic,"Zungeru, Niger",State,Niger,Polytechnic
Nuhu Bamalli Polytechnic,"Zaria, Kaduna",State,Kaduna,Polytechnic
Ogun State Institute of Technology Igbesa,"Igbesa, Ogun",State,Ogun,Polytechnic
Osun State College of Technology Esa-Oke,"Esa-Oke, Osun",State,Osun,Polytechnic
Osun State Polytechnic Iree,"Iree, Osun",State,Osun,Polytechnic
Oyo State College of Agriculture and Technology Igboora,"Igboora, Oyo",State,Oyo,Polytechnic
Plateau State Polytechnic,"Barkin-Ladi, Plateau",State,Plateau,Polytechnic
Captain Elechi Amadi Polytechnic,"Port Harcourt, Rivers",State,Rivers,Polytechnic
Ramat Polytechnic,"Maiduguri, Borno",State,Borno,Polytechnic
Rufus Giwa Polytechnic,"Owo, Ondo",State,Ondo,Polytechnic
Taraba State Polytechnic,"Suntai, Taraba",State,Taraba,Polytechnic
"The Oke-Ogun Polytechnic, Saki","Saki, Oyo",State,Oyo,Polytechnic
"The Polytechnic, Ibadan","Ibadan, Oyo",State,Oyo,Polytechnic
"The Polytechnic, Iresi","Iresi, Osun",State,Osun,Polytechnic
Umaru Ali Shinkafi Polytechnic,"Wamako, Sokoto",State,Sokoto,Polytechnic
Ajayi Polytechnic,"Ikere, Ekiti",Private,Ekiti,Polytechnic
Al-Hikmah Polytechnic Karu,"Karu, Nasarawa",Private,Nasarawa,Polytechnic
Allover Central Polytechnic,"Sango-Ota, Ogun",Private,Ogun,Polytechnic
American Polytechnic,"Wasimi, Oyo",Private,Oyo,Polytechnic
Ashi Polytechnic,"Anyin, Benue",Private,Benue,Polytechnic
Bellarks Polytechnic,"Kwale, Delta",Private,Delta,Polytechnic
Best Solution Polytechnic,"Akure, Ondo",Private,Ondo,Polytechnic
Bolmor Polytechnic,"Ibadan, Oyo",Private,Oyo,Polytechnic
Brainfill Polytechnic,"Ikot Ekpene, Akwa Ibom",Private,Akwa Ibom,Polytechnic
British Transatlantic Polytechnic,"Akure, Ondo",Private,Ondo,Polytechnic
Calvary Polytechnic,"Owa-Oyibu, Delta",Private,Delta,Polytechnic
Citi Polytechnic,"Bwari, FCT",Private,FCT,Polytechnic
Coastal Polytechnic,"Badagry, Lagos",Private,Lagos,Polytechnic
Covenant Polytechnic,"Aba, Abia",Private,Abia,Polytechnic
Crown Polytechnic,"Ado-Ekiti, Ekiti",Private,Ekiti,Polytechnic
Daboss Polytechnic,"Idominasi, Osun",Private,Osun,Polytechnic
Distinct Polytechnic,"Ekosin, Osun",Private,Osun,Polytechnic
Dorben Polytechnic,"Bwari, FCT",Private,FCT,Polytechnic
Eastern Polytechnic,"Port Harcourt, Rivers",Private,Rivers,Polytechnic
Edward Olaseni Polytechnic,"Akoko, Ondo",Private,Ondo,Polytechnic
Ekiti City Polytechnic,"Omuo, Ekiti",Private,Ekiti,Polytechnic
Eko College of Management and Technology,"Ikotun, Lagos",Private,Lagos,Polytechnic
El-thomp Polytechnic,"Abak, Akwa Ibom",Private,Akwa Ibom,Polytechnic
Enville Polytechnic,"Ikeja, Lagos",Private,Lagos,Polytechnic
Fidei Polytechnic,"Gboko, Benue",Private,Benue,Polytechnic
First City Polytechnic,"Abeokuta, Ogun",Private,Ogun,Polytechnic
Foundation Polytechnic,"Ikot Ekpene, Akwa Ibom",Private,Akwa Ibom,Polytechnic
Gboko Polytechnic,"Gboko, Benue",Private,Benue,Polytechnic
Global Polytechnic,"Benin City, Edo",Private,Edo,Polytechnic
Gloryland Polytechnic,"Ankpa, Kogi",Private,Kogi,Polytechnic
Gozie Anyachebelu Oragram Polytechnic,"Oraukwu, Anambra",Private,Anambra,Polytechnic
Grace Polytechnic,"Surulere, Lagos",Private,Lagos,Polytechnic
Graceland Polytechnic,"Offa, Kwara",Private,Kwara,Polytechnic
Grundtvig Polytechnic,"Oba, Anambra",Private,Anambra,Polytechnic
Harry Pass Polytechnic,"Mkar, Benue",Private,Benue,Polytechnic
Harvard Polytechnic,"Ilorin, Kwara",Private,Kwara,Polytechnic
Heritage Polytechnic,"Eket, Akwa Ibom",Private,Akwa Ibom,Polytechnic
Hope Polytechnic,"Ikono, Akwa Ibom",Private,Akwa Ibom,Polytechnic
I-con Universal Polytechnic,"Osogbo, Osun",Private,Osun,Polytechnic
Ibadan City Polytechnic,"Ibadan, Oyo",Private,Oyo,Polytechnic
Ibom Metropolitan Polytechnic,"Atan Offot, Akwa Ibom",Private,Akwa Ibom,Polytechnic
Igbajo Polytechnic,"Igbajo, Osun",Private,Osun,Polytechnic
Iheachukwu Madubuike Institute of Technology,"Umunneochi, Abia",Private,Abia,Polytechnic
Inspire Polytechnic,"Yaba, Lagos",Private,Lagos,Polytechnic
Intercontinental College of Technology,"Makurdi, Benue",Private,Benue,Polytechnic
Interlink Polytechnic,"Ijebu-Jesa, Osun",Private,Osun,Polytechnic
Iwo City Polytechnic,"Iwo, Osun",Private,Osun,Polytechnic
Kings Polytechnic,"Ubiaja, Edo",Private,Edo,Polytechnic
Lagos City Polytechnic,"Ikeja, Lagos",Private,Lagos,Polytechnic
Landmark Polytechnic,"Aiyetoro, Ogun",Private,Ogun,Polytechnic
Lens Polytechnic,"Offa, Kwara",Private,Kwara,Polytechnic
Lighthouse Polytechnic,"Orhionmwon, Edo",Private,Edo,Polytechnic
Loam Polytechnic,"Ikono, Akwa Ibom",Private,Akwa Ibom,Polytechnic
Madonna College of Health Technology,"Umuahia, Abia",Private,Abia,Polytechnic
Marist Polytechnic,"Enugu, Enugu",Private,Enugu,Polytechnic
Mater Dei Polytechnic,"Ugwuoba, Enugu",Private,Enugu,Polytechnic
Montgomery Polytechnic,"Ikere, Ekiti",Private,Ekiti,Polytechnic
Mustibrah Polytechnic,"Tudun Fulani, Kano",Private,Kano,Polytechnic
NACABS Polytechnic,"Akwanga, Nasarawa",Private,Nasarawa,Polytechnic
Nation Builders Polytechnic,"Asaba, Delta",Private,Delta,Polytechnic
Newland Polytechnic,"Ilorin, Kwara",Private,Kwara,Polytechnic
NOGAK Polytechnic,"Ikom, Cross River",Private,Cross River,Polytechnic
Novelty Polytechnic,"Kishi, Oyo",Private,Oyo,Polytechnic
Odaji Agbo Polytechnic,"Yala, Cross River",Private,Cross River,Polytechnic
Oduduwa Polytechnic,"Idimu, Lagos",Private,Lagos,Polytechnic
Our Saviour Institute of Science and Technology,"Enugu, Enugu",Private,Enugu,Polytechnic
Paramount Polytechnic,"Ejigbo, Lagos",Private,Lagos,Polytechnic
Prime Polytechnic,"Ajaokuta, Kogi",Private,Kogi,Polytechnic
Raindrops Institute of Management and Technology,"Orsu, Imo",Private,Imo,Polytechnic
Ronik Polytechnic,"Ejigbo, Lagos",Private,Lagos,Polytechnic
SAF Polytechnic,"Iseyin, Oyo",Private,Oyo,Polytechnic
Shaka Polytechnic,"Benin City, Edo",Private,Edo,Polytechnic
Stars Polytechnic,"Ota, Ogun",Private,Ogun,Polytechnic
Sure Foundation Polytechnic,"Ikot-Akai, Akwa Ibom",Private,Akwa Ibom,Polytechnic
Temple Gate Polytechnic,"Aba, Abia",Private,Abia,Polytechnic
"The Polytechnic, Adoka","Adoka, Benue",Private,Benue,Polytechnic
"The Polytechnic, Igbo-Owu","Igbo-Owu, Kwara",Private,Kwara,Polytechnic
"The Polytechnic, Ile-Ife","Ile-Ife, Osun",Private,Osun,Polytechnic
TimeOn Kairos Polytechnic,"Agege, Lagos",Private,Lagos,Polytechnic
Trinity Polytechnic,"Uyo, Akwa Ibom",Private,Akwa Ibom,Polytechnic
Ultra Excellence Polytechnic,"Ikono, Akwa Ibom",Private,Akwa Ibom,Polytechnic
Unique College of Management and Technology,"Ikotun, Lagos",Private,Lagos,Polytechnic
United Polytechnic,"Jos, Plateau",Private,Plateau,Polytechnic
Villanova Polytechnic,"Obokun, Osun",Private,Osun,Polytechnic
Vineyard Polytechnic,"Karu, Nasarawa",Private,Nasarawa,Polytechnic
Westland Polytechnic,"Ilobu, Osun",Private,Osun,Polytechnic
"Federal College of Education (Special), Oyo","Oyo, Oyo",Federal,Oyo,College of Education
"Federal College of Education, Iwo","Iwo, Osun",Federal,Osun,College of Education
"Federal College of Education, Ididep","Ididep, Akwa Ibom",Federal,Akwa Ibom,College of Education
"Federal College of Education (Technical), Asaba","Asaba, Delta",Federal,Delta,College of Education
"Federal College of Education, Abeokuta","Osiele, Ogun",Federal,Ogun,College of Education
"Federal College of Education, Kano","Kano, Kano",Federal,Kano,College of Education
"Federal College of Education, Eha-Amufu","Eha-Amufu, Enugu",Federal,Enugu,College of Education
"Federal College of Education, Okene","Okene, Kogi",Federal,Kogi,College of Education
"Federal College of Education (Technical), Gombe","Gombe, Gombe",Federal,Gombe,College of Education
"Federal College of Education (Technical), Omoku","Omoku, Rivers",Federal,Rivers,College of Education
"Federal College of Education, Kontagora","Kontagora, Niger",Federal,Niger,College of Education
"Federal College of Education, Zaria","Zaria, Kaduna",Federal,Kaduna,College of Education
"Federal College of Education, Pankshin","Pankshin, Plateau",Federal,Plateau,College of Education
"Federal College of Education, Yola","Yola, Adamawa",Federal,Adamawa,College of Education
"Federal College of Education (Technical), Potiskum","Potiskum, Yobe",Federal,Yobe,College of Education
"Federal College of Education (Technical), Gusau","Gusau, Zamfara",Federal,Zamfara,College of Education
"Federal College of Education (Technical), Akoka","Akoka, Lagos",Federal,Lagos,College of Education
"Federal College of Education, Katsina","Katsina, Katsina",Federal,Katsina,College of Education
"Federal College of Education (Technical), Bichi","Bichi, Kano",Federal,Kano,College of Education
"Federal College of Education, Obudu","Obudu, Cross River",Federal,Cross River,College of Education
"Federal College of Education (Technical), Umunze","Umunze, Anambra",Federal,Anambra,College of Education
Piaget College of Education,"Abeokuta, Ogun",Private,Ogun,College of Education
St. Augustine College of Education,"Akoka, Lagos",Private,Lagos,College of Education
Delar College of Education,"Ibadan, Oyo",Private,Oyo,College of Education
Yewa Central College of Education,"Ayetoro, Ogun",Private,Ogun,College of Education
"Institute of Ecumenical Education, Enugu","Enugu, Enugu",Private,Enugu,College of Education
Ansar-Ud-Deen College of Education,"Isolo, Lagos",Private,Lagos,College of Education
African Thinkers Community of Inquiry College of Education,"Enugu, Enugu",Private,Enugu,College of Education
"City College of Education, Mararaba","Mararaba, Nasarawa",Private,Nasarawa,College of Education
Muftau Olanihun College of Education,"Ibadan, Oyo",Private,Oyo,College of Education
Havard Wilson College of Education,"Aba, Abia",Private,Abia,College of Education
"College of Education, Ilemona","Ilemona, Kwara",Private,Kwara,College of Education
"Nigerian Army School of Education (NASE), Ilorin","Ilorin, Kwara",Federal,Kwara,College of Education
Nana Aishat Memorial College of Education,"Ilorin, Kwara",Private,Kwara,College of Education
Ajetunmobi College of Education Ira,"Ira, Kwara",Private,Kwara,College of Education
Abia State College of Education (Technical),"Arochukwu, Abia",State,Abia,College of Education
Adamawa State College of Education,"Hong, Adamawa",State,Adamawa,College of Education
Adamu Augie College of Education,"Argungu, Kebbi",State,Kebbi,College of Education
Adamu Tafawa Balewa College of Education,"Kangere, Bauchi",State,Bauchi,College of Education
Adeniran Ogunsanya College of Education,"Otto, Lagos",State,Lagos,College of Education
"A.D. Rufa'i College of Education, Legal and General Studies","Misau, Bauchi",State,Bauchi,College of Education
Akwa Ibom State College of Education,"Afaha Nsit, Akwa Ibom",State,Akwa Ibom,College of Education
Aminu Saleh College of Education,"Azare, Bauchi",State,Bauchi,College of Education
Bilyaminu Othman College of Education,"Dass, Bauchi",State,Bauchi,College of Education
"College of Education and Legal Studies, Nguru","Nguru, Yobe",State,Yobe,College of Education
"College of Education, Akamkpa","Akamkpa, Cross River",State,Cross River,College of Education
"College of Education, Akwanga","Akwanga, Nasarawa",State,Nasarawa,College of Education
"College of Education, Billiri","Billiri, Gombe",State,Gombe,College of Education
"College of Education, Ekiadolor","Ekiadolor, Edo",State,Edo,College of Education
"College of Education, Gindiri","Gindiri, Plateau",State,Plateau,College of Education
"College of Education, Katsina-Ala","Katsina-Ala, Benue",State,Benue,College of Education
"College of Education, Lanlate","Lanlate, Oyo",State,Oyo,College of Education
"College of Education, Oju","Oju, Benue",State,Benue,College of Education
"College of Education, Waka-Biu","Biu, Borno",State,Borno,College of Education
"College of Education, Warri","Warri, Delta",State,Delta,College of Education
Ebonyi State College of Education,"Ikwo, Ebonyi",State,Ebonyi,College of Education
"Enugu State College of Education (Technical)","Enugu, Enugu",State,Enugu,College of Education
FCT College of Education,"Zuba, FCT",State,FCT,College of Education
Imo State College of Education,"Ihitte, Imo",State,Imo,College of Education
Isa Kaita College of Education,"Dutsin-Ma, Katsina",State,Katsina,College of Education
Jigawa State College of Education,"Gumel, Jigawa",State,Jigawa,College of Education
Jigawa State College of Education and Legal Studies,"Ringim, Jigawa",State,Jigawa,College of Education
Kano State College of Education and Preliminary Studies,"Kano, Kano",State,Kano,College of Education
Kaduna State College of Education,"Gidan Waya, Kaduna",State,Kaduna,College of Education
Kashim Ibrahim College of Education,"Maiduguri, Borno",State,Borno,College of Education
"Kogi State College of Education, Ankpa","Ankpa, Kogi",State,Kogi,College of Education
"Kogi State College of Education (Technical), Kabba","Kabba, Kogi",State,Kogi,College of Education
"Kwara State College of Education, Ilorin","Ilorin, Kwara",State,Kwara,College of Education
"Kwara State College of Education (Technical), Lafiagi","Lafiagi, Kwara",State,Kwara,College of Education
"Kwara State College of Education, Oro","Oro, Kwara",State,Kwara,College of Education
Michael Otedola College of Primary Education,"Epe, Lagos",State,Lagos,College of Education
Mohammed Goni College of Legal and Islamic Studies,"Maiduguri, Borno",State,Borno,College of Education
Moje College of Education,"Erin-Ile, Kwara",State,Kwara,College of Education
Niger State College of Education,"Minna, Niger",State,Niger,College of Education
Nwafor Orizu College of Education,"Nsugbe, Anambra",State,Anambra,College of Education
"Osun State College of Education, Ilesa","Ilesa, Osun",State,Osun,College of Education
"Sa'adatu Rimi College of Education","Kano, Kano",State,Kano,College of Education
Shehu Shagari College of Education,"Sokoto, Sokoto",State,Sokoto,College of Education
Umar Suleiman College of Education,"Gashua, Yobe",State,Yobe,College of Education
"Yusuf Bala Usman College of Legal and General Studies","Daura, Katsina",State,Katsina,College of Education
Zamfara State College of Education,"Maru, Zamfara",State,Zamfara,College of Education
